{
    "LinearRegression": {
        "MAE": 0.07556674834429326,
        "MSE": 0.01026567345829966,
        "R2": 0.9999998282331861
    },
    "Lasso": {
        "MAE": 0.3513480504129382,
        "MSE": 0.18046147979367275,
        "R2": 0.9999969804909979
    },
    "Ridge": {
        "MAE": 2.8277613958827366,
        "MSE": 10.86344646166601,
        "R2": 0.9998182311570181
    },
    "RandomForest": {
        "MAE": 121.37667845194046,
        "MSE": 21602.209314729138,
        "R2": 0.6385485391906861
    }
}