{
    "LinearRegression": {
        "MAE": 58.19260492768028,
        "MSE": 4838.586076418828,
        "R2": 0.7032881393212808
    },
    "Lasso": {
        "MAE": 58.18598512592352,
        "MSE": 4834.726763195757,
        "R2": 0.7035248001947827
    },
    "Ridge": {
        "MAE": 57.6399552573465,
        "MSE": 4735.406471462572,
        "R2": 0.7096153208753857
    },
    "RandomForest": {
        "MAE": 85.18606740546305,
        "MSE": 10075.186791227987,
        "R2": 0.38216921797049674
    }
}